{"cameraMode":{"drawMode":0,"name":"Shaded","section":"Shading Mode"},"sceneLighting":true,"audioPlay":false,"sceneViewState":{"showFog":true,"showMaterialUpdate":true,"showSkybox":true,"showFlares":true,"showImageEffects":true,"showParticleSystems":true},"in2DMode":false,"pivot":{"x":-1.2268471717834473,"y":215.2952423095703,"z":-138.65545654296876},"rotation":{"x":0.272743284702301,"y":0.5794130563735962,"z":-0.214016392827034,"w":0.7377301454544067},"size":0.9025982022285461,"orthographic":false}