{"cameraMode":{"drawMode":0,"name":"Shaded","section":"Shading Mode"},"sceneLighting":false,"audioPlay":false,"sceneViewState":{"showFog":true,"showMaterialUpdate":true,"showSkybox":false,"showFlares":true,"showImageEffects":true,"showParticleSystems":true},"in2DMode":false,"pivot":{"x":-1.9944887161254883,"y":3.7999684810638429,"z":-143.015380859375},"rotation":{"x":0.26263540983200076,"y":0.09367603808641434,"z":-0.025465304031968118,"w":0.9600809812545776},"size":0.4863992929458618,"orthographic":false}