{"cameraMode":{"drawMode":0,"name":"Shaded","section":"Shading Mode"},"sceneLighting":true,"audioPlay":false,"sceneViewState":{"showFog":true,"showMaterialUpdate":true,"showSkybox":true,"showFlares":true,"showImageEffects":true,"showParticleSystems":true},"in2DMode":false,"pivot":{"x":5.2766923904418949,"y":1.230362892150879,"z":-91.4200439453125},"rotation":{"x":-0.19035111367702485,"y":-0.19817794859409333,"z":0.03929290547966957,"w":-0.9607505202293396},"size":4.441218852996826,"orthographic":false}