{"cameraMode":{"drawMode":0,"name":"Shaded","section":"Shading Mode"},"sceneLighting":false,"audioPlay":false,"sceneViewState":{"showFog":true,"showMaterialUpdate":true,"showSkybox":false,"showFlares":true,"showImageEffects":true,"showParticleSystems":true},"in2DMode":false,"pivot":{"x":-2.288422107696533,"y":0.2339635044336319,"z":70.03248596191406},"rotation":{"x":-0.011049117892980576,"y":-0.40116122364997866,"z":-0.004666500724852085,"w":0.9160159230232239},"size":0.6428102850914002,"orthographic":false}