{"cameraMode":{"drawMode":0,"name":"Shaded","section":"Shading Mode"},"sceneLighting":false,"audioPlay":false,"sceneViewState":{"showFog":true,"showMaterialUpdate":true,"showSkybox":false,"showFlares":true,"showImageEffects":true,"showParticleSystems":true},"in2DMode":false,"pivot":{"x":-2.6407711505889894,"y":1.123153567314148,"z":-104.50121307373047},"rotation":{"x":-0.04193904623389244,"y":0.7233575582504273,"z":-0.04410700127482414,"w":-0.6877939701080322},"size":1.2862873077392579,"orthographic":false}