{"cameraMode":{"drawMode":0,"name":"Shaded","section":"Shading Mode"},"sceneLighting":false,"audioPlay":false,"sceneViewState":{"showFog":true,"showMaterialUpdate":true,"showSkybox":false,"showFlares":true,"showImageEffects":true,"showParticleSystems":true},"in2DMode":false,"pivot":{"x":1.610813856124878,"y":0.773399829864502,"z":-139.92042541503907},"rotation":{"x":-0.06877782940864563,"y":0.45561257004737856,"z":-0.03533490002155304,"w":-0.8868203163146973},"size":0.9025976061820984,"orthographic":false}