{"cameraMode":{"drawMode":0,"name":"Shaded","section":"Shading Mode"},"sceneLighting":false,"audioPlay":false,"sceneViewState":{"showFog":true,"showMaterialUpdate":true,"showSkybox":false,"showFlares":true,"showImageEffects":true,"showParticleSystems":true},"in2DMode":false,"pivot":{"x":0.0,"y":1.9000000953674317,"z":-176.9600067138672},"rotation":{"x":-0.4583001434803009,"y":-0.017448684200644494,"z":0.009452411904931069,"w":-0.8887572288513184},"size":2.4681742191314699,"orthographic":false}