{"cameraMode":{"drawMode":0,"name":"Shaded","section":"Shading Mode"},"sceneLighting":false,"audioPlay":false,"sceneViewState":{"showFog":true,"showMaterialUpdate":true,"showSkybox":false,"showFlares":true,"showImageEffects":true,"showParticleSystems":true},"in2DMode":false,"pivot":{"x":-1.2799999713897706,"y":0.411335289478302,"z":12.939814567565918},"rotation":{"x":0.26263540983200076,"y":0.09367603808641434,"z":-0.025465304031968118,"w":0.9600809812545776},"size":0.4650741517543793,"orthographic":false}