{"cameraMode":{"drawMode":0,"name":"Shaded","section":"Shading Mode"},"sceneLighting":false,"audioPlay":false,"sceneViewState":{"showFog":true,"showMaterialUpdate":true,"showSkybox":false,"showFlares":true,"showImageEffects":true,"showParticleSystems":true},"in2DMode":false,"pivot":{"x":-0.13500019907951356,"y":0.38762760162353518,"z":13.026000022888184},"rotation":{"x":0.09592645615339279,"y":-0.15113267302513123,"z":-0.0147595489397645,"w":-0.9838160872459412},"size":0.39022544026374819,"orthographic":false}